name,long_id,ev_from,ev_to,is_base,is_full_ev,evo_family
Bulbasaur,001,,['002'],1,0,"['001', '002', '003']"
Ivysaur,002,001,['003'],0,0,"['001', '002', '003']"
Venusaur,003,002,[],0,1,"['001', '002', '003']"
Charmander,004,,['005'],1,0,"['004', '005', '006']"
Charmeleon,005,004,['006'],0,0,"['004', '005', '006']"
Charizard,006,005,[],0,1,"['004', '005', '006']"
Squirtle,007,,['008'],1,0,"['007', '008', '009']"
Wartortle,008,007,['009'],0,0,"['007', '008', '009']"
Blastoise,009,008,[],0,1,"['007', '008', '009']"
Caterpie,010,,['011'],1,0,"['010', '011', '012']"
Metapod,011,010,['012'],0,0,"['010', '011', '012']"
Butterfree,012,011,[],0,1,"['010', '011', '012']"
Weedle,013,,['014'],1,0,"['013', '014', '015']"
Kakuna,014,013,['015'],0,0,"['013', '014', '015']"
Beedrill,015,014,[],0,1,"['013', '014', '015']"
Pidgey,016,,['017'],1,0,"['016', '017', '018']"
Pidgeotto,017,016,['018'],0,0,"['016', '017', '018']"
Pidgeot,018,017,[],0,1,"['016', '017', '018']"
Rattata,019,,['020'],1,0,"['019', '020']"
Raticate,020,019,[],0,1,"['019', '020']"
Spearow,021,,['022'],1,0,"['021', '022']"
Fearow,022,021,[],0,1,"['021', '022']"
Ekans,023,,['024'],1,0,"['023', '024']"
Arbok,024,023,[],0,1,"['023', '024']"
Pikachu,025,172,['026'],0,0,"['172', '025', '026']"
Raichu,026,025,[],0,1,"['172', '025', '026']"
Sandshrew,027,,['028'],1,0,"['027', '028']"
Sandslash,028,027,[],0,1,"['027', '028']"
Nidoran♀,029,,['030'],1,0,"['029', '030', '031', '032', '033', '034']"
Nidorina,030,029,['031'],0,0,"['029', '030', '031', '032', '033', '034']"
Nidoqueen,031,030,[],0,1,"['029', '030', '031', '032', '033', '034']"
Nidoran♂,032,,['033'],1,0,"['029', '030', '031', '032', '033', '034']"
Nidorino,033,032,['034'],0,0,"['029', '030', '031', '032', '033', '034']"
Nidoking,034,033,[],0,1,"['029', '030', '031', '032', '033', '034']"
Clefairy,035,173,['036'],0,0,"['173', '035', '036']"
Clefable,036,035,[],0,1,"['173', '035', '036']"
Vulpix,037,,['038'],1,0,"['037', '038']"
Ninetales,038,037,[],0,1,"['037', '038']"
Jigglypuff,039,174,['040'],0,0,"['174', '039', '040']"
Wigglytuff,040,039,[],0,1,"['174', '039', '040']"
Zubat,041,,['042'],1,0,"['041', '042', '169']"
Golbat,042,041,['169'],0,0,"['041', '042', '169']"
Oddish,043,,['044'],1,0,"['043', '044', '045', '182']"
Gloom,044,043,"['045', '182']",0,0,"['043', '044', '045', '182']"
Vileplume,045,044,[],0,1,"['043', '044', '045', '182']"
Paras,046,,['047'],1,0,"['046', '047']"
Parasect,047,046,[],0,1,"['046', '047']"
Venonat,048,,['049'],1,0,"['048', '049']"
Venomoth,049,048,[],0,1,"['048', '049']"
Diglett,050,,['051'],1,0,"['050', '051']"
Dugtrio,051,050,[],0,1,"['050', '051']"
Meowth,052,,['053'],1,0,"['052', '053']"
Persian,053,052,[],0,1,"['052', '053']"
Psyduck,054,,['055'],1,0,"['054', '055']"
Golduck,055,054,[],0,1,"['054', '055']"
Mankey,056,,['057'],1,0,"['056', '057']"
Primeape,057,056,[],0,1,"['056', '057']"
Growlithe,058,,['059'],1,0,"['058', '059']"
Arcanine,059,058,[],0,1,"['058', '059']"
Poliwag,060,,['061'],1,0,"['060', '061', '062', '186']"
Poliwhirl,061,060,"['062', '186']",0,0,"['060', '061', '062', '186']"
Poliwrath,062,061,[],0,1,"['060', '061', '062', '186']"
Abra,063,,['064'],1,0,"['063', '064', '065']"
Kadabra,064,063,['065'],0,0,"['063', '064', '065']"
Alakazam,065,064,[],0,1,"['063', '064', '065']"
Machop,066,,['067'],1,0,"['066', '067', '068']"
Machoke,067,066,['068'],0,0,"['066', '067', '068']"
Machamp,068,067,[],0,1,"['066', '067', '068']"
Bellsprout,069,,['070'],1,0,"['069', '070', '071']"
Weepinbell,070,069,['071'],0,0,"['069', '070', '071']"
Victreebel,071,070,[],0,1,"['069', '070', '071']"
Tentacool,072,,['073'],1,0,"['072', '073']"
Tentacruel,073,072,[],0,1,"['072', '073']"
Geodude,074,,['075'],1,0,"['074', '075', '076']"
Graveler,075,074,['076'],0,0,"['074', '075', '076']"
Golem,076,075,[],0,1,"['074', '075', '076']"
Ponyta,077,,['078'],1,0,"['077', '078']"
Rapidash,078,077,[],0,1,"['077', '078']"
Slowpoke,079,,"['080', '199']",1,0,"['079', '080', '199']"
Slowbro,080,079,[],0,1,"['079', '080', '199']"
Magnemite,081,,['082'],1,0,"['081', '082', '462']"
Magneton,082,081,['462'],0,0,"['081', '082', '462']"
Farfetch'd,083,,[],1,1,['083']
Doduo,084,,['085'],1,0,"['084', '085']"
Dodrio,085,084,[],0,1,"['084', '085']"
Seel,086,,['087'],1,0,"['086', '087']"
Dewgong,087,086,[],0,1,"['086', '087']"
Grimer,088,,['089'],1,0,"['088', '089']"
Muk,089,088,[],0,1,"['088', '089']"
Shellder,090,,['091'],1,0,"['090', '091']"
Cloyster,091,090,[],0,1,"['090', '091']"
Gastly,092,,['093'],1,0,"['092', '093', '094']"
Haunter,093,092,['094'],0,0,"['092', '093', '094']"
Gengar,094,093,[],0,1,"['092', '093', '094']"
Onix,095,,['208'],1,0,"['095', '208']"
Drowzee,096,,['097'],1,0,"['096', '097']"
Hypno,097,096,[],0,1,"['096', '097']"
Krabby,098,,['099'],1,0,"['098', '099']"
Kingler,099,098,[],0,1,"['098', '099']"
Voltorb,100,,['101'],1,0,"['100', '101']"
Electrode,101,100,[],0,1,"['100', '101']"
Exeggcute,102,,['103'],1,0,"['102', '103']"
Exeggutor,103,102,[],0,1,"['102', '103']"
Cubone,104,,['105'],1,0,"['104', '105']"
Marowak,105,104,[],0,1,"['104', '105']"
Hitmonlee,106,236,[],0,1,"['236', '107', '106', '237']"
Hitmonchan,107,236,[],0,1,"['236', '107', '106', '237']"
Lickitung,108,,['463'],1,0,['108']
Koffing,109,,['110'],1,0,"['109', '110']"
Weezing,110,109,[],0,1,"['109', '110']"
Rhyhorn,111,,['112'],1,0,"['111', '112', '464']"
Rhydon,112,111,['464'],0,0,"['111', '112', '464']"
Chansey,113,440,['242'],0,0,"['440', '113', '242']"
Tangela,114,,['465'],1,0,['114']
Kangaskhan,115,,[],1,1,['115']
Horsea,116,,['117'],1,0,"['116', '117', '230']"
Seadra,117,116,['230'],0,0,"['116', '117', '230']"
Goldeen,118,,['119'],1,0,"['118', '119']"
Seaking,119,118,[],0,1,"['118', '119']"
Staryu,120,,['121'],1,0,"['120', '121']"
Starmie,121,120,[],0,1,"['120', '121']"
Mr. Mime,122,439,[],0,1,"['439', '122']"
Scyther,123,,['212'],1,0,"['123', '212']"
Jynx,124,238,[],0,1,"['238', '124']"
Electabuzz,125,239,['466'],0,0,"['239', '125', '466']"
Magmar,126,240,['467'],0,0,"['240', '126', '467']"
Pinsir,127,,[],1,1,['127']
Tauros,128,,[],1,1,['128']
Magikarp,129,,['130'],1,0,"['129', '130']"
Gyarados,130,129,[],0,1,"['129', '130']"
Lapras,131,,[],1,1,['131']
Ditto,132,,[],1,1,['132']
Eevee,133,,"['134', '135', '136', '196', '197', '470', '471', '700']",1,0,"['133', '470', '471', '135', '134', '136', '196', '197', '700']"
Vaporeon,134,133,[],0,1,"['133', '470', '471', '135', '134', '136', '196', '197', '700']"
Jolteon,135,133,[],0,1,"['133', '470', '471', '135', '134', '136', '196', '197', '700']"
Flareon,136,133,[],0,1,"['133', '470', '471', '135', '134', '136', '196', '197', '700']"
Porygon,137,,['233'],1,0,"['137', '233', '474']"
Omanyte,138,,['139'],1,0,"['138', '139']"
Omastar,139,138,[],0,1,"['138', '139']"
Kabuto,140,,['141'],1,0,"['140', '141']"
Kabutops,141,140,[],0,1,"['140', '141']"
Aerodactyl,142,,[],1,1,['142']
Snorlax,143,446,[],0,1,"['446', '143']"
Articuno,144,,[],1,1,['144']
Zapdos,145,,[],1,1,['145']
Moltres,146,,[],1,1,['146']
Dratini,147,,['148'],1,0,"['147', '148', '149']"
Dragonair,148,147,['149'],0,0,"['147', '148', '149']"
Dragonite,149,148,[],0,1,"['147', '148', '149']"
Mewtwo,150,,[],1,1,['150']
Mew,151,,[],1,1,['151']
Chikorita,152,,['153'],1,0,"['152', '153', '154']"
Bayleef,153,152,['154'],0,0,"['152', '153', '154']"
Meganium,154,153,[],0,1,"['152', '153', '154']"
Cyndaquil,155,,['156'],1,0,"['155', '156', '157']"
Quilava,156,155,['157'],0,0,"['155', '156', '157']"
Typhlosion,157,156,[],0,1,"['155', '156', '157']"
Totodile,158,,['159'],1,0,"['158', '159', '160']"
Croconaw,159,158,['160'],0,0,"['158', '159', '160']"
Feraligatr,160,159,[],0,1,"['158', '159', '160']"
Sentret,161,,['162'],1,0,"['161', '162']"
Furret,162,161,[],0,1,"['161', '162']"
Hoothoot,163,,['164'],1,0,"['163', '164']"
Noctowl,164,163,[],0,1,"['163', '164']"
Ledyba,165,,['166'],1,0,"['165', '166']"
Ledian,166,165,[],0,1,"['165', '166']"
Spinarak,167,,['168'],1,0,"['167', '168']"
Ariados,168,167,[],0,1,"['167', '168']"
Crobat,169,042,[],0,1,"['041', '042', '169']"
Chinchou,170,,['171'],1,0,"['170', '171']"
Lanturn,171,170,[],0,1,"['170', '171']"
Pichu,172,,['025'],1,0,"['172', '025', '026']"
Cleffa,173,,['035'],1,0,"['173', '035', '036']"
Igglybuff,174,,['039'],1,0,"['174', '039', '040']"
Togepi,175,,['176'],1,0,"['175', '176', '468']"
Togetic,176,175,['468'],0,0,"['175', '176', '468']"
Natu,177,,['178'],1,0,"['177', '178']"
Xatu,178,177,[],0,1,"['177', '178']"
Mareep,179,,['180'],1,0,"['179', '180', '181']"
Flaaffy,180,179,['181'],0,0,"['179', '180', '181']"
Ampharos,181,180,[],0,1,"['179', '180', '181']"
Bellossom,182,044,[],0,1,"['043', '044', '045', '182']"
Marill,183,298,['184'],0,0,"['298', '183', '184']"
Azumarill,184,183,[],0,1,"['298', '183', '184']"
Sudowoodo,185,438,[],0,1,"['438', '185']"
Politoed,186,061,[],0,1,"['060', '061', '062', '186']"
Hoppip,187,,['188'],1,0,"['187', '188', '189']"
Skiploom,188,187,['189'],0,0,"['187', '188', '189']"
Jumpluff,189,188,[],0,1,"['187', '188', '189']"
Aipom,190,,['424'],1,0,['190']
Sunkern,191,,['192'],1,0,"['191', '192']"
Sunflora,192,191,[],0,1,"['191', '192']"
Yanma,193,,['469'],1,1,['193']
Wooper,194,,['195'],1,0,"['194', '195']"
Quagsire,195,194,[],0,1,"['194', '195']"
Espeon,196,133,[],0,1,"['133', '470', '471', '135', '134', '136', '196', '197', '700']"
Umbreon,197,133,[],0,1,"['133', '470', '471', '135', '134', '136', '196', '197', '700']"
Murkrow,198,,['430'],1,0,"['198', '430']"
Slowking,199,079,[],0,1,"['079', '080', '199']"
Misdreavus,200,,['429'],1,0,"['200', '429']"
Unown,201,,[],1,1,['201']
Wobbuffet,202,360,[],0,1,"['360', '202']"
Girafarig,203,,[],1,1,['203']
Pineco,204,,['205'],1,0,"['204', '205']"
Forretress,205,204,[],0,1,"['204', '205']"
Dunsparce,206,,[],1,1,['206']
Gligar,207,,['472'],1,0,"['207', '472']"
Steelix,208,095,[],0,1,"['095', '208']"
Snubbull,209,,['210'],1,0,"['209', '210']"
Granbull,210,209,[],0,1,"['209', '210']"
Qwilfish,211,,[],1,1,['211']
Scizor,212,123,[],0,1,"['123', '212']"
Shuckle,213,,[],1,1,['213']
Heracross,214,,[],1,1,['214']
Sneasel,215,,['461'],1,0,"['215', '461']"
Teddiursa,216,,['217'],1,0,"['216', '217']"
Ursaring,217,216,[],0,1,"['216', '217']"
Slugma,218,,['219'],1,0,"['218', '219']"
Magcargo,219,218,[],0,1,"['218', '219']"
Swinub,220,,['221'],1,0,"['220', '221', '473']"
Piloswine,221,220,['473'],0,1,"['220', '221', '473']"
Corsola,222,,[],1,1,['222']
Remoraid,223,,['224'],1,0,"['223', '224']"
Octillery,224,223,[],0,1,"['223', '224']"
Delibird,225,,[],1,1,['225']
Mantine,226,458,[],0,1,"['458', '226']"
Skarmory,227,,[],1,1,['227']
Houndour,228,,['229'],1,0,"['228', '229']"
Houndoom,229,228,[],0,1,"['228', '229']"
Kingdra,230,117,[],0,1,"['116', '117', '230']"
Phanpy,231,,['232'],1,0,"['231', '232']"
Donphan,232,231,[],0,1,"['231', '232']"
Porygon2,233,137,['474'],0,0,"['137', '233', '474']"
Stantler,234,,[],1,1,['234']
Smeargle,235,,[],1,1,['235']
Tyrogue,236,,"['106', '107', '237']",1,0,"['236', '107', '106', '237']"
Hitmontop,237,236,[],0,1,"['236', '107', '106', '237']"
Smoochum,238,,['124'],1,0,"['238', '124']"
Elekid,239,,['125'],1,0,"['239', '125', '466']"
Magby,240,,['126'],1,0,"['240', '126', '467']"
Miltank,241,,[],1,1,['241']
Blissey,242,113,[],0,1,"['440', '113', '242']"
Raikou,243,,[],1,1,['243']
Entei,244,,[],1,1,['244']
Suicune,245,,[],1,1,['245']
Larvitar,246,,['247'],1,0,"['246', '247', '248']"
Pupitar,247,246,['248'],0,0,"['246', '247', '248']"
Tyranitar,248,247,[],0,1,"['246', '247', '248']"
Lugia,249,,[],1,1,['249']
Ho-Oh,250,,[],1,1,['250']
Celebi,251,,[],1,1,['251']
Treecko,252,,['253'],1,0,"['252', '253', '254']"
Grovyle,253,252,['254'],0,0,"['252', '253', '254']"
Sceptile,254,253,[],0,1,"['252', '253', '254']"
Torchic,255,,['256'],1,0,"['255', '256', '257']"
Combusken,256,255,['257'],0,0,"['255', '256', '257']"
Blaziken,257,256,[],0,1,"['255', '256', '257']"
Mudkip,258,,['259'],1,0,"['258', '259', '260']"
Marshtomp,259,258,['260'],0,0,"['258', '259', '260']"
Swampert,260,259,[],0,1,"['258', '259', '260']"
Poochyena,261,,['262'],1,0,"['261', '262']"
Mightyena,262,261,[],0,1,"['261', '262']"
Zigzagoon,263,,['264'],1,0,"['263', '264']"
Linoone,264,263,[],0,1,"['263', '264']"
Wurmple,265,,"['266', '268']",1,0,"['265', '266', '267', '268', '269']"
Silcoon,266,265,['267'],0,0,"['265', '266', '267', '268', '269']"
Beautifly,267,266,[],0,1,"['265', '266', '267', '268', '269']"
Cascoon,268,265,['269'],0,0,"['265', '266', '267', '268', '269']"
Dustox,269,268,[],0,1,"['265', '266', '267', '268', '269']"
Lotad,270,,['271'],1,0,"['270', '271', '272']"
Lombre,271,270,['272'],0,0,"['270', '271', '272']"
Ludicolo,272,271,[],0,1,"['270', '271', '272']"
Seedot,273,,['274'],1,0,"['273', '274', '275']"
Nuzleaf,274,273,['275'],0,0,"['273', '274', '275']"
Shiftry,275,274,[],0,1,"['273', '274', '275']"
Taillow,276,,['277'],1,0,"['276', '277']"
Swellow,277,276,[],0,1,"['276', '277']"
Wingull,278,,['279'],1,0,"['278', '279']"
Pelipper,279,278,[],0,1,"['278', '279']"
Ralts,280,,['281'],1,0,"['280', '281', '282', '475']"
Kirlia,281,280,"['282', '475']",0,0,"['280', '281', '282', '475']"
Gardevoir,282,281,[],0,1,"['280', '281', '282', '475']"
Surskit,283,,['284'],1,0,"['283', '284']"
Masquerain,284,283,[],0,1,"['283', '284']"
Shroomish,285,,['286'],1,0,"['285', '286']"
Breloom,286,285,[],0,1,"['285', '286']"
Slakoth,287,,['288'],1,0,"['287', '288', '289']"
Vigoroth,288,287,['289'],0,0,"['287', '288', '289']"
Slaking,289,288,[],0,1,"['287', '288', '289']"
Nincada,290,,"['291', '292']",1,0,"['290', '291', '292']"
Ninjask,291,290,[],0,1,"['290', '291', '292']"
Shedinja,292,290,[],0,1,"['290', '291', '292']"
Whismur,293,,['294'],1,0,"['293', '294', '295']"
Loudred,294,293,['295'],0,0,"['293', '294', '295']"
Exploud,295,294,[],0,1,"['293', '294', '295']"
Makuhita,296,,['297'],1,0,"['296', '297']"
Hariyama,297,296,[],0,1,"['296', '297']"
Azurill,298,,['183'],1,0,"['298', '183', '184']"
Nosepass,299,,['476'],1,0,"['299', '476']"
Skitty,300,,['301'],1,0,"['300', '301']"
Delcatty,301,300,[],0,1,"['300', '301']"
Sableye,302,,[],1,1,['302']
Mawile,303,,[],1,1,['303']
Aron,304,,['305'],1,0,"['304', '305', '306']"
Lairon,305,304,['306'],0,0,"['304', '305', '306']"
Aggron,306,305,[],0,1,"['304', '305', '306']"
Meditite,307,,['308'],1,0,"['307', '308']"
Medicham,308,307,[],0,1,"['307', '308']"
Electrike,309,,['310'],1,0,"['309', '310']"
Manectric,310,309,[],0,1,"['309', '310']"
Plusle,311,,[],1,1,['311']
Minun,312,,[],1,1,['312']
Volbeat,313,,[],1,0,"['313', '314']"
Illumise,314,,[],0,1,"['313', '314']"
Roselia,315,406,['407'],0,0,"['406', '315', '407']"
Gulpin,316,,['317'],1,0,"['316', '317']"
Swalot,317,316,[],0,1,"['316', '317']"
Carvanha,318,,['319'],1,0,"['318', '319']"
Sharpedo,319,318,[],0,1,"['318', '319']"
Wailmer,320,,['321'],1,0,"['320', '321']"
Wailord,321,320,[],0,1,"['320', '321']"
Numel,322,,['323'],1,0,"['322', '323']"
Camerupt,323,322,[],0,1,"['322', '323']"
Torkoal,324,,[],1,1,['324']
Spoink,325,,['326'],1,0,"['325', '326']"
Grumpig,326,325,[],0,1,"['325', '326']"
Spinda,327,,[],1,1,['327']
Trapinch,328,,['329'],1,0,"['328', '329', '330']"
Vibrava,329,328,['330'],0,0,"['328', '329', '330']"
Flygon,330,329,[],0,1,"['328', '329', '330']"
Cacnea,331,,['332'],1,0,"['331', '332']"
Cacturne,332,331,[],0,1,"['331', '332']"
Swablu,333,,['334'],1,0,"['333', '334']"
Altaria,334,333,[],0,1,"['333', '334']"
Zangoose,335,,[],1,1,['335']
Seviper,336,,[],1,1,['336']
Lunatone,337,,[],1,1,['337']
Solrock,338,,[],1,1,['338']
Barboach,339,,['340'],1,0,"['339', '340']"
Whiscash,340,339,[],0,1,"['339', '340']"
Corphish,341,,['342'],1,0,"['341', '342']"
Crawdaunt,342,341,[],0,1,"['341', '342']"
Baltoy,343,,['344'],1,0,"['343', '344']"
Claydol,344,343,[],0,1,"['343', '344']"
Lileep,345,,['346'],1,0,"['345', '346']"
Cradily,346,345,[],0,1,"['345', '346']"
Anorith,347,,['348'],1,0,"['347', '348']"
Armaldo,348,347,[],0,1,"['347', '348']"
Feebas,349,,['350'],1,0,"['349', '350']"
Milotic,350,349,[],0,1,"['349', '350']"
Castform,351,,[],1,1,['351']
Kecleon,352,,[],1,1,['352']
Shuppet,353,,['354'],1,0,"['353', '354']"
Banette,354,353,[],0,1,"['353', '354']"
Duskull,355,,['356'],1,0,"['355', '356', '477']"
Dusclops,356,355,['477'],0,0,"['355', '356', '477']"
Tropius,357,,[],1,1,['357']
Chimecho,358,433,[],0,1,"['433', '358']"
Absol,359,,[],1,1,['359']
Wynaut,360,,['202'],1,0,"['360', '202']"
Snorunt,361,,"['362', '478']",1,0,"['361', '362', '478']"
Glalie,362,361,[],0,1,"['361', '362', '478']"
Spheal,363,,['364'],1,0,"['363', '364', '365']"
Sealeo,364,363,['365'],0,0,"['363', '364', '365']"
Walrein,365,364,[],0,1,"['363', '364', '365']"
Clamperl,366,,"['367', '368']",1,0,"['366', '367', '368']"
Huntail,367,366,[],0,1,"['366', '367', '368']"
Gorebyss,368,366,[],0,1,"['366', '367', '368']"
Relicanth,369,,[],1,1,['369']
Luvdisc,370,,[],1,1,['370']
Bagon,371,,['372'],1,0,"['371', '372', '373']"
Shelgon,372,371,['373'],0,0,"['371', '372', '373']"
Salamence,373,372,[],0,1,"['371', '372', '373']"
Beldum,374,,['375'],1,0,"['374', '375', '376']"
Metang,375,374,['376'],0,0,"['374', '375', '376']"
Metagross,376,375,[],0,1,"['374', '375', '376']"
Regirock,377,,[],1,1,['377']
Regice,378,,[],1,1,['378']
Registeel,379,,[],1,1,['379']
Latias,380,,[],1,1,['380']
Latios,381,,[],1,1,['381']
Kyogre,382,,[],1,1,['382']
Groudon,383,,[],1,1,['383']
Rayquaza,384,,[],1,1,['384']
Jirachi,385,,[],1,1,['385']
Deoxys,386,,[],1,1,['386']
Turtwig,387,,['388'],1,0,"['387', '388', '389']"
Grotle,388,387,['389'],0,0,"['387', '388', '389']"
Torterra,389,388,[],0,1,"['387', '388', '389']"
Chimchar,390,,['391'],1,0,"['390', '391', '392']"
Monferno,391,390,['392'],0,0,"['390', '391', '392']"
Infernape,392,391,[],0,1,"['390', '391', '392']"
Piplup,393,,['394'],1,0,"['393', '394', '395']"
Prinplup,394,393,['395'],0,0,"['393', '394', '395']"
Empoleon,395,394,[],0,1,"['393', '394', '395']"
Starly,396,,['397'],1,0,"['396', '397', '398']"
Staravia,397,396,['398'],0,0,"['396', '397', '398']"
Staraptor,398,397,[],0,1,"['396', '397', '398']"
Bidoof,399,,['400'],1,0,"['399', '400']"
Bibarel,400,399,[],0,1,"['399', '400']"
Kricketot,401,,['402'],1,0,"['401', '402']"
Kricketune,402,401,[],0,1,"['401', '402']"
Shinx,403,,['404'],1,0,"['403', '404', '405']"
Luxio,404,403,['405'],0,0,"['403', '404', '405']"
Luxray,405,404,[],0,1,"['403', '404', '405']"
Budew,406,,['315'],1,0,"['406', '315', '407']"
Roserade,407,315,[],0,1,"['406', '315', '407']"
Cranidos,408,,['409'],1,0,"['408', '409']"
Rampardos,409,408,[],0,1,"['408', '409']"
Shieldon,410,,['411'],1,0,"['410', '411']"
Bastiodon,411,410,[],0,1,"['410', '411']"
Burmy,412,,"['413', '414']",1,0,"['412', '413', '414']"
Wormadam,413,412,[],0,1,"['412', '413', '414']"
Mothim,414,412,[],0,1,"['412', '413', '414']"
Combee,415,,['416'],1,0,"['415', '416']"
Vespiquen,416,415,[],0,1,"['415', '416']"
Pachirisu,417,,[],1,1,['417']
Buizel,418,,['419'],1,0,"['418', '419']"
Floatzel,419,418,[],0,1,"['418', '419']"
Cherubi,420,,['421'],1,0,"['420', '421']"
Cherrim,421,420,[],0,1,"['420', '421']"
Shellos,422,,['423'],1,0,"['422', '423']"
Gastrodon,423,422,[],0,1,"['422', '423']"
Ambipom,424,190,[],0,1,"['190', '424']"
Drifloon,425,,['426'],1,0,"['425', '426']"
Drifblim,426,425,[],0,1,"['425', '426']"
Buneary,427,,['428'],1,0,"['427', '428']"
Lopunny,428,427,[],0,1,"['427', '428']"
Mismagius,429,200,[],0,1,"['200', '429']"
Honchkrow,430,198,[],0,1,"['198', '430']"
Glameow,431,,['432'],1,0,"['431', '432']"
Purugly,432,431,[],0,1,"['431', '432']"
Chingling,433,,['358'],1,0,"['433', '358']"
Stunky,434,,['435'],1,0,"['434', '435']"
Skuntank,435,434,[],0,1,"['434', '435']"
Bronzor,436,,['437'],1,0,"['436', '437']"
Bronzong,437,436,[],0,1,"['436', '437']"
Bonsly,438,,['185'],1,0,['438']
Mime Jr.,439,,['122'],1,0,['439']
Happiny,440,,['113'],1,0,"['440', '113', '242']"
Chatot,441,,[],1,1,['441']
Spiritomb,442,,[],1,1,['442']
Gible,443,,['444'],1,0,"['443', '444', '445']"
Gabite,444,443,['445'],0,0,"['443', '444', '445']"
Garchomp,445,444,[],0,1,"['443', '444', '445']"
Munchlax,446,,['143'],1,0,"['446', '143']"
Riolu,447,,['448'],1,0,"['447', '448']"
Lucario,448,447,[],0,1,"['447', '448']"
Hippopotas,449,,['450'],1,0,"['449', '450']"
Hippowdon,450,449,[],0,1,"['449', '450']"
Skorupi,451,,['452'],1,0,"['451', '452']"
Drapion,452,451,[],0,1,"['451', '452']"
Croagunk,453,,['454'],1,0,"['453', '454']"
Toxicroak,454,453,[],0,1,"['453', '454']"
Carnivine,455,,[],1,1,['455']
Finneon,456,,['457'],1,0,"['456', '457']"
Lumineon,457,456,[],0,1,"['456', '457']"
Mantyke,458,,['226'],1,0,"['458', '226']"
Snover,459,,['460'],1,0,"['459', '460']"
Abomasnow,460,459,[],0,1,"['459', '460']"
Weavile,461,215,[],0,1,"['215', '461']"
Magnezone,462,082,[],0,1,"['081', '082', '462']"
Lickilicky,463,108,[],0,1,"['108', '463']"
Rhyperior,464,112,[],0,1,"['111', '112', '464']"
Tangrowth,465,114,[],0,1,"['114', '465']"
Electivire,466,125,[],0,1,"['239', '125', '466']"
Magmortar,467,126,[],0,1,"['240', '126', '467']"
Togekiss,468,176,[],0,1,"['175', '176', '468']"
Yanmega,469,193,[],0,1,"['193', '469']"
Leafeon,470,133,[],0,1,"['133', '470', '471', '135', '134', '136', '196', '197', '700']"
Glaceon,471,133,[],0,1,"['133', '470', '471', '135', '134', '136', '196', '197', '700']"
Gliscor,472,207,[],0,1,"['207', '472']"
Mamoswine,473,221,[],0,1,"['220', '221', '473']"
Porygon-Z,474,233,[],0,1,"['137', '233', '474']"
Gallade,475,281,[],0,1,"['280', '281', '282', '475']"
Probopass,476,299,[],0,1,"['299', '476']"
Dusknoir,477,356,[],0,1,"['355', '356', '477']"
Froslass,478,361,[],0,1,"['361', '362', '478']"
Rotom,479,,[],1,1,['479']
Uxie,480,,[],1,1,['480']
Mesprit,481,,[],1,1,['481']
Azelf,482,,[],1,1,['482']
Dialga,483,,[],1,1,['483']
Palkia,484,,[],1,1,['484']
Heatran,485,,[],1,1,['485']
Regigigas,486,,[],1,1,['486']
Giratina,487,,[],1,1,['487']
Cresselia,488,,[],1,1,['488']
Phione,489,,['490'],1,0,"['489', '490']"
Manaphy,490,489,[],0,1,"['489', '490']"
Darkrai,491,,[],1,1,['491']
Shaymin,492,,[],1,1,['492']
Arceus,493,,[],1,1,['493']
Victini,494,,[],1,1,['494']
Snivy,495,,['496'],1,0,"['495', '496', '497']"
Servine,496,495,['497'],0,0,"['495', '496', '497']"
Serperior,497,496,[],0,1,"['495', '496', '497']"
Tepig,498,,['499'],1,0,"['498', '499', '500']"
Pignite,499,498,['500'],0,0,"['498', '499', '500']"
Emboar,500,499,[],0,1,"['498', '499', '500']"
Oshawott,501,,['502'],1,0,"['501', '502', '503']"
Dewott,502,501,['503'],0,0,"['501', '502', '503']"
Samurott,503,502,[],0,1,"['501', '502', '503']"
Patrat,504,,['505'],1,0,"['504', '505']"
Watchog,505,504,[],0,1,"['504', '505']"
Lillipup,506,,['507'],1,0,"['506', '507', '508']"
Herdier,507,506,['508'],0,0,"['506', '507', '508']"
Stoutland,508,507,[],0,1,"['506', '507', '508']"
Purrloin,509,,['510'],1,0,"['509', '510']"
Liepard,510,509,[],0,1,"['509', '510']"
Pansage,511,,['512'],1,0,"['511', '512']"
Simisage,512,511,[],0,1,"['511', '512']"
Pansear,513,,['514'],1,0,"['513', '514']"
Simisear,514,513,[],0,1,"['513', '514']"
Panpour,515,,['516'],1,0,"['515', '516']"
Simipour,516,515,[],0,1,"['515', '516']"
Munna,517,,['518'],1,0,"['517', '518']"
Musharna,518,517,[],0,1,"['517', '518']"
Pidove,519,,['520'],1,0,"['519', '520', '521']"
Tranquill,520,519,['521'],0,0,"['519', '520', '521']"
Unfezant,521,520,[],0,1,"['519', '520', '521']"
Blitzle,522,,['523'],1,0,"['522', '523']"
Zebstrika,523,522,[],0,1,"['522', '523']"
Roggenrola,524,,['525'],1,0,"['524', '525', '526']"
Boldore,525,524,['526'],0,0,"['524', '525', '526']"
Gigalith,526,525,[],0,1,"['524', '525', '526']"
Woobat,527,,['528'],1,0,"['527', '528']"
Swoobat,528,527,[],0,1,"['527', '528']"
Drilbur,529,,['530'],1,0,"['529', '530']"
Excadrill,530,529,[],0,1,"['529', '530']"
Audino,531,,[],1,1,['531']
Timburr,532,,['533'],1,0,"['532', '533', '534']"
Gurdurr,533,532,['534'],0,0,"['532', '533', '534']"
Conkeldurr,534,533,[],0,1,"['532', '533', '534']"
Tympole,535,,['536'],1,0,"['535', '536', '537']"
Palpitoad,536,535,['537'],0,0,"['535', '536', '537']"
Seismitoad,537,536,[],0,1,"['535', '536', '537']"
Throh,538,,[],1,1,['538']
Sawk,539,,[],1,1,['539']
Sewaddle,540,,['541'],1,0,"['540', '541', '542']"
Swadloon,541,540,['542'],0,0,"['540', '541', '542']"
Leavanny,542,541,[],0,1,"['540', '541', '542']"
Venipede,543,,['544'],1,0,"['543', '544', '545']"
Whirlipede,544,543,['545'],0,0,"['543', '544', '545']"
Scolipede,545,544,[],0,1,"['543', '544', '545']"
Cottonee,546,,['547'],1,0,"['546', '547']"
Whimsicott,547,546,[],0,1,"['546', '547']"
Petilil,548,,['549'],1,0,"['548', '549']"
Lilligant,549,548,[],0,1,"['548', '549']"
Basculin,550,,[],1,1,['550']
Sandile,551,,['552'],1,0,"['551', '552', '553']"
Krokorok,552,551,['553'],0,0,"['551', '552', '553']"
Krookodile,553,552,[],0,1,"['551', '552', '553']"
Darumaka,554,,['555'],1,0,"['554', '555']"
Darmanitan,555,554,[],0,1,"['554', '555']"
Maractus,556,,[],1,1,['556']
Dwebble,557,,['558'],1,0,"['557', '558']"
Crustle,558,557,[],0,1,"['557', '558']"
Scraggy,559,,['560'],1,0,"['559', '560']"
Scrafty,560,559,[],0,1,"['559', '560']"
Sigilyph,561,,[],1,1,['561']
Yamask,562,,['563'],1,0,"['562', '563']"
Cofagrigus,563,562,[],0,1,"['562', '563']"
Tirtouga,564,,['565'],1,0,"['564', '565']"
Carracosta,565,564,[],0,1,"['564', '565']"
Archen,566,,['567'],1,0,"['566', '567']"
Archeops,567,566,[],0,1,"['566', '567']"
Trubbish,568,,['569'],1,0,"['568', '569']"
Garbodor,569,568,[],0,1,"['568', '569']"
Zorua,570,,['571'],1,0,"['570', '571']"
Zoroark,571,570,[],0,1,"['570', '571']"
Minccino,572,,['573'],1,0,"['572', '573']"
Cinccino,573,572,[],0,1,"['572', '573']"
Gothita,574,,['575'],1,0,"['574', '575', '576']"
Gothorita,575,574,['576'],0,0,"['574', '575', '576']"
Gothitelle,576,575,[],0,1,"['574', '575', '576']"
Solosis,577,,['578'],1,0,"['577', '578', '579']"
Duosion,578,577,['579'],0,0,"['577', '578', '579']"
Reuniclus,579,578,[],0,1,"['577', '578', '579']"
Ducklett,580,,['581'],1,0,"['580', '581']"
Swanna,581,580,[],0,1,"['580', '581']"
Vanillite,582,,['583'],1,0,"['582', '583', '584']"
Vanillish,583,582,['584'],0,0,"['582', '583', '584']"
Vanilluxe,584,583,[],0,1,"['582', '583', '584']"
Deerling,585,,['586'],1,0,"['585', '586']"
Sawsbuck,586,585,[],0,1,"['585', '586']"
Emolga,587,,[],1,1,['587']
Karrablast,588,,['589'],1,0,"['588', '589']"
Escavalier,589,588,[],0,1,"['588', '589']"
Foongus,590,,['591'],1,0,"['590', '591']"
Amoonguss,591,590,[],0,1,"['590', '591']"
Frillish,592,,['593'],1,0,"['592', '593']"
Jellicent,593,592,[],0,1,"['592', '593']"
Alomomola,594,,[],1,1,['594']
Joltik,595,,['596'],1,0,"['595', '596']"
Galvantula,596,595,[],0,1,"['595', '596']"
Ferroseed,597,,['598'],1,0,"['597', '598']"
Ferrothorn,598,597,[],0,1,"['597', '598']"
Klink,599,,['600'],1,0,"['599', '600', '601']"
Klang,600,599,['601'],0,0,"['599', '600', '601']"
Klinklang,601,600,[],0,1,"['599', '600', '601']"
Tynamo,602,,['603'],1,0,"['602', '603', '604']"
Eelektrik,603,602,['604'],0,0,"['602', '603', '604']"
Eelektross,604,603,[],0,1,"['602', '603', '604']"
Elgyem,605,,['606'],1,0,"['605', '606']"
Beheeyem,606,605,[],0,1,"['605', '606']"
Litwick,607,,['608'],1,0,"['607', '608', '609']"
Lampent,608,607,['609'],0,0,"['607', '608', '609']"
Chandelure,609,608,[],0,1,"['607', '608', '609']"
Axew,610,,['611'],1,0,"['610', '611', '612']"
Fraxure,611,610,['612'],0,0,"['610', '611', '612']"
Haxorus,612,611,[],0,1,"['610', '611', '612']"
Cubchoo,613,,['614'],1,0,"['613', '614']"
Beartic,614,613,[],0,1,"['613', '614']"
Cryogonal,615,,[],1,1,['615']
Shelmet,616,,['617'],1,0,"['616', '617']"
Accelgor,617,616,[],0,1,"['616', '617']"
Stunfisk,618,,[],1,1,['618']
Mienfoo,619,,['620'],1,0,"['619', '620']"
Mienshao,620,619,[],0,1,"['619', '620']"
Druddigon,621,,[],1,1,['621']
Golett,622,,['623'],1,0,"['622', '623']"
Golurk,623,622,[],0,1,"['622', '623']"
Pawniard,624,,['625'],1,0,"['624', '625']"
Bisharp,625,624,[],0,1,"['624', '625']"
Bouffalant,626,,[],1,1,['626']
Rufflet,627,,['628'],1,0,"['627', '628']"
Braviary,628,627,[],0,1,"['627', '628']"
Vullaby,629,,['630'],1,0,"['629', '630']"
Mandibuzz,630,629,[],0,1,"['629', '630']"
Heatmor,631,,[],1,1,['631']
Durant,632,,[],1,1,['632']
Deino,633,,['634'],1,0,"['633', '634', '635']"
Zweilous,634,633,['635'],0,0,"['633', '634', '635']"
Hydreigon,635,634,[],0,1,"['633', '634', '635']"
Larvesta,636,,['637'],1,0,"['636', '637']"
Volcarona,637,636,[],0,1,"['636', '637']"
Cobalion,638,,[],1,1,['638']
Terrakion,639,,[],1,1,['639']
Virizion,640,,[],1,1,['640']
Tornadus,641,,[],1,1,['641']
Thundurus,642,,[],1,1,['642']
Reshiram,643,,[],1,1,['643']
Zekrom,644,,[],1,1,['644']
Landorus,645,,[],1,1,['645']
Kyurem,646,,[],1,1,['646']
Keldeo,647,,[],1,1,['647']
Meloetta,648,,[],1,1,['648']
Genesect,649,,[],1,1,['649']
Chespin,650,,['651'],1,0,"['650', '651', '652']"
Quilladin,651,650,['652'],0,0,"['650', '651', '652']"
Chesnaught,652,651,[],0,1,"['650', '651', '652']"
Fennekin,653,,['654'],1,0,"['653', '654', '655']"
Braixen,654,653,['655'],0,0,"['653', '654', '655']"
Delphox,655,654,[],0,1,"['653', '654', '655']"
Froakie,656,,['657'],1,0,"['656', '657', '658']"
Frogadier,657,656,['658'],0,0,"['656', '657', '658']"
Greninja,658,657,[],0,1,"['656', '657', '658']"
Bunnelby,659,,['660'],1,0,"['659', '660']"
Diggersby,660,659,[],0,1,"['659', '660']"
Fletchling,661,,['662'],1,0,"['661', '662', '663']"
Fletchinder,662,661,['663'],0,0,"['661', '662', '663']"
Talonflame,663,662,[],0,1,"['661', '662', '663']"
Scatterbug,664,,['665'],1,0,"['664', '665', '666']"
Spewpa,665,664,['666'],0,0,"['664', '665', '666']"
Vivillon,666,665,[],0,1,"['664', '665', '666']"
Litleo,667,,['668'],1,0,"['667', '668']"
Pyroar,668,667,[],0,1,"['667', '668']"
Flabébé,669,,['670'],1,0,"['669', '670', '671']"
Floette,670,669,['671'],0,0,"['669', '670', '671']"
Florges,671,670,[],0,1,"['669', '670', '671']"
Skiddo,672,,['673'],1,0,"['672', '673']"
Gogoat,673,672,[],0,1,"['672', '673']"
Pancham,674,,['675'],1,0,"['674', '675']"
Pangoro,675,674,[],0,1,"['674', '675']"
Furfrou,676,,[],1,1,['676']
Espurr,677,,['678'],1,0,"['677', '678']"
Meowstic,678,677,[],0,1,"['677', '678']"
Honedge,679,,['680'],1,0,"['679', '680', '681']"
Doublade,680,679,['681'],0,0,"['679', '680', '681']"
Aegislash,681,680,[],0,1,"['679', '680', '681']"
Spritzee,682,,['683'],1,0,"['682', '683']"
Aromatisse,683,682,[],0,1,"['682', '683']"
Swirlix,684,,['685'],1,0,"['684', '685']"
Slurpuff,685,684,[],0,1,"['684', '685']"
Inkay,686,,['687'],1,0,"['686', '687']"
Malamar,687,686,[],0,1,"['686', '687']"
Binacle,688,,['689'],1,0,"['688', '689']"
Barbaracle,689,688,[],0,1,"['688', '689']"
Skrelp,690,,['691'],1,0,"['690', '691']"
Dragalge,691,690,[],0,1,"['690', '691']"
Clauncher,692,,['693'],1,0,"['692', '693']"
Clawitzer,693,692,[],0,1,"['692', '693']"
Helioptile,694,,['695'],1,0,"['694', '695']"
Heliolisk,695,694,[],0,1,"['694', '695']"
Tyrunt,696,,['697'],1,0,"['696', '697']"
Tyrantrum,697,696,[],0,1,"['696', '697']"
Amaura,698,,['699'],1,0,"['698', '699']"
Aurorus,699,698,[],0,1,"['698', '699']"
Sylveon,700,133,[],0,1,"['133', '470', '471', '135', '134', '136', '196', '197', '700']"
Hawlucha,701,,[],1,1,['701']
Dedenne,702,,[],1,1,['702']
Carbink,703,,[],1,1,['703']
Goomy,704,,['705'],1,0,"['704', '705', '706']"
Sliggoo,705,704,['706'],0,0,"['704', '705', '706']"
Goodra,706,705,[],0,1,"['704', '705', '706']"
Klefki,707,,[],1,1,['707']
Phantump,708,,['709'],1,0,"['708', '709']"
Trevenant,709,708,[],0,1,"['708', '709']"
Pumpkaboo,710,,['711'],1,0,"['710', '711']"
Gourgeist,711,710,[],0,1,"['710', '711']"
Bergmite,712,,['713'],1,0,"['712', '713']"
Avalugg,713,712,[],0,1,"['712', '713']"
Noibat,714,,['715'],1,0,"['714', '715']"
Noivern,715,714,[],0,1,"['714', '715']"
Xerneas,716,,[],1,1,['716']
Yveltal,717,,[],1,1,['717']
Zygarde,718,,[],1,1,['718']
Diancie,719,,[],1,1,['719']
Hoopa,720,,[],1,1,['720']
Volcanion,721,,[],1,1,['721']
Rowlet,722,,['723'],1,0,"['722', '723', '724']"
Dartrix,723,722,['724'],0,0,"['722', '723', '724']"
Decidueye,724,723,[],0,1,"['722', '723', '724']"
Litten,725,,['726'],1,0,"['725', '726', '727']"
Torracat,726,725,['727'],0,0,"['725', '726', '727']"
Incineroar,727,726,[],0,1,"['725', '726', '727']"
Popplio,728,,['729'],1,0,"['728', '729', '730']"
Brionne,729,728,['730'],0,0,"['728', '729', '730']"
Primarina,730,729,[],0,1,"['728', '729', '730']"
Pikipek,731,,['732'],1,0,"['731', '732', '733']"
Trumbeak,732,731,['733'],0,0,"['731', '732', '733']"
Toucannon,733,732,[],0,1,"['731', '732', '733']"
Yungoos,734,,['735'],1,0,"['734', '735']"
Gumshoos,735,734,[],0,1,"['734', '735']"
Grubbin,736,,['737'],1,0,"['736', '737', '738']"
Charjabug,737,736,['738'],0,0,"['736', '737', '738']"
Vikavolt,738,737,[],0,1,"['736', '737', '738']"
Crabrawler,739,,['740'],1,0,"['739', '740']"
Crabominable,740,739,[],0,1,"['739', '740']"
Oricorio,741,,[],1,1,['741']
Cutiefly,742,,['743'],1,0,"['742', '743']"
Ribombee,743,742,[],0,1,"['742', '743']"
Rockruff,744,,['745'],1,0,"['744', '745']"
Lycanroc,745,744,[],0,1,"['744', '745']"
Wishiwashi,746,,[],1,1,['746']
Mareanie,747,,['748'],1,0,"['747', '748']"
Toxapex,748,747,[],0,1,"['747', '748']"
Mudbray,749,,['750'],1,0,"['749', '750']"
Mudsdale,750,749,[],0,1,"['749', '750']"
Dewpider,751,,['752'],1,0,"['751', '752']"
Araquanid,752,751,[],0,1,"['751', '752']"
Fomantis,753,,['754'],1,0,"['753', '754']"
Lurantis,754,753,[],0,1,"['753', '754']"
Morelull,755,,['756'],1,0,"['755', '756']"
Shiinotic,756,755,[],0,1,"['755', '756']"
Salandit,757,,['758'],1,0,"['757', '758']"
Salazzle,758,757,[],0,1,"['757', '758']"
Stufful,759,,['760'],1,0,"['759', '760']"
Bewear,760,759,[],0,1,"['759', '760']"
Bounsweet,761,,['762'],1,0,"['761', '762']"
Steenee,762,761,['763'],0,1,"['761', '762']"
Tsareena,763,762,[],0,1,"['761', '762', '763']"
Comfey,764,,[],1,1,['764']
Oranguru,765,,[],1,1,['765']
Passimian,766,,[],1,1,['766']
Wimpod,767,,['768'],1,0,"['767', '768']"
Golisopod,768,767,[],0,1,"['767', '768']"
Sandygast,769,,['770'],1,0,"['769', '770']"
Palossand,770,769,[],0,1,"['769', '770']"
Pyukumuku,771,,[],1,1,['771']
Type: Null,772,,['773'],1,0,"['772', '773']"
Silvally,773,772,[],0,1,"['772', '773']"
Minior,774,,[],1,1,['774']
Komala,775,,[],1,1,['775']
Turtonator,776,,[],1,1,['776']
Togedemaru,777,,[],1,1,['777']
Mimikyu,778,,[],1,1,['778']
Bruxish,779,,[],1,1,['779']
Drampa,780,,[],1,1,['780']
Dhelmise,781,,[],1,1,['781']
Jangmo-o,782,,['783'],1,0,"['782', '783', '784']"
Hakamo-o,783,782,['784'],0,0,"['782', '783', '784']"
Kommo-o,784,783,[],0,1,"['782', '783', '784']"
Tapu Koko,785,,[],1,1,['785']
Tapu Lele,786,,[],1,1,['786']
Tapu Bulu,787,,[],1,1,['787']
Tapu Fini,788,,[],1,1,['788']
Cosmog,789,,['790'],1,0,"['789', '790', '791', '792']"
Cosmoem,790,789,"['791', '792']",0,0,"['789', '790', '791', '792']"
Solgaleo,791,790,[],0,1,"['789', '790', '791', '792']"
Lunala,792,790,[],0,1,"['789', '790', '791', '792']"
Nihilego,793,,[],1,1,['793']
Buzzwole,794,,[],1,1,['794']
Pheromosa,795,,[],1,1,['795']
Xurkitree,796,,[],1,1,['796']
Celesteela,797,,[],1,1,['797']
Kartana,798,,[],1,1,['798']
Guzzlord,799,,[],1,1,['799']
Necrozma,800,,[],1,1,['800']
Magearna,801,,[],1,1,['801']
